gcs_url,SOPInstanceUID,SeriesInstanceUID,StudyInstanceUID,PatientID,collection_id,Modality,RefSerieUID
gs://public-datasets-idc/ada890dd-cc28-430f-b6e2-c47f492aeb51/960438a6-0d02-495d-b016-19158c780e3e.dcm,1.2.276.0.7230010.3.1.4.1070885483.4220.1599221894.380,1.2.276.0.7230010.3.1.3.1070885483.4220.1599221894.379,1.3.6.1.4.1.14519.5.2.1.7310.5101.958813579754157583573647865059,ProstateX-0219,prostatex,SEG,1.3.6.1.4.1.14519.5.2.1.7310.5101.156355474235536930096765953749
gs://public-datasets-idc/08aee609-f333-4e52-88a7-c15a65cc450b/9eb2898f-baba-46ab-a4d2-bef32e30560f.dcm,1.2.276.0.7230010.3.1.4.1070885483.27560.1599221927.548,1.2.276.0.7230010.3.1.3.1070885483.27560.1599221927.547,1.3.6.1.4.1.14519.5.2.1.7310.5101.146598644858261337543303689274,ProstateX-0334,prostatex,SEG,1.3.6.1.4.1.14519.5.2.1.7310.5101.877607202381357458819664904037
gs://public-datasets-idc/8f903ea2-4922-473b-885c-4d0fbaca8019/c8460532-71c6-44da-8063-18ce58d2c399.dcm,1.2.276.0.7230010.3.1.4.1070885483.5396.1599221858.336,1.2.276.0.7230010.3.1.3.1070885483.5396.1599221858.335,1.3.6.1.4.1.14519.5.2.1.7311.5101.317824827005878221658146025546,ProstateX-0168,prostatex,SEG,1.3.6.1.4.1.14519.5.2.1.7311.5101.226939533786316417608293472819
gs://public-datasets-idc/cca4814c-4f4e-4afb-a769-1d58b5e393d3/0d28b185-5009-475b-866f-1c80bafa2d63.dcm,1.2.276.0.7230010.3.1.4.1070885483.24012.1599221786.270,1.2.276.0.7230010.3.1.3.1070885483.24012.1599221786.269,1.3.6.1.4.1.14519.5.2.1.7311.5101.140726999131657843792762753847,ProstateX-0070,prostatex,SEG,1.3.6.1.4.1.14519.5.2.1.7311.5101.186553403053805718209125341361
gs://public-datasets-idc/7cd3392f-45b2-4efa-ad50-633ef6a2d1cf/d59e805e-5342-46bf-85aa-4ffc1ec625cd.dcm,1.2.276.0.7230010.3.1.4.1070885483.16948.1599221869.131,1.2.276.0.7230010.3.1.3.1070885483.16948.1599221869.130,1.3.6.1.4.1.14519.5.2.1.7311.5101.758555921127856064761732086690,ProstateX-0182,prostatex,SEG,1.3.6.1.4.1.14519.5.2.1.7311.5101.165636727522505811947315188478
gs://public-datasets-idc/36d3f986-bf45-4805-a448-94a17af35a5d/e49c5faf-7798-4cec-a9e2-839386d984b8.dcm,1.2.276.0.7230010.3.1.4.1070885483.5464.1599221791.440,1.2.276.0.7230010.3.1.3.1070885483.5464.1599221791.439,1.3.6.1.4.1.14519.5.2.1.7311.5101.147474402400052411454539746372,ProstateX-0076,prostatex,SEG,1.3.6.1.4.1.14519.5.2.1.7311.5101.334326985258868181144176796864
gs://public-datasets-idc/015bc105-b5c7-411d-8aa3-0774416b9c86/e052b0cb-df3e-4281-9e34-90d26057566c.dcm,1.2.276.0.7230010.3.1.4.1070885483.16324.1599221796.637,1.2.276.0.7230010.3.1.3.1070885483.16324.1599221796.636,1.3.6.1.4.1.14519.5.2.1.7311.5101.501057640782072172993935011415,ProstateX-0084,prostatex,SEG,1.3.6.1.4.1.14519.5.2.1.7311.5101.124933244802704100684011471210
gs://public-datasets-idc/77bba8e3-bb33-414b-bb6a-c9db682c1489/0f8e2911-35c2-4440-8067-e7aa5e2bdc33.dcm,1.2.276.0.7230010.3.1.4.1070885483.5672.1599221794.53,1.2.276.0.7230010.3.1.3.1070885483.5672.1599221794.52,1.3.6.1.4.1.14519.5.2.1.7311.5101.584619083542434023536639907612,ProstateX-0083,prostatex,SEG,1.3.6.1.4.1.14519.5.2.1.7311.5101.460453169764361555745878708935
gs://public-datasets-idc/67e7a227-5917-4d0f-979d-07ca04ca747b/af0b57ac-47da-4d6f-887b-86497c51b787.dcm,1.2.276.0.7230010.3.1.4.1070885483.21512.1599221877.7,1.2.276.0.7230010.3.1.3.1070885483.21512.1599221877.6,1.3.6.1.4.1.14519.5.2.1.7311.5101.321398248553642064788718695578,ProstateX-0188,prostatex,SEG,1.3.6.1.4.1.14519.5.2.1.7311.5101.155875154686610653777230856177
gs://public-datasets-idc/4a5d3cd2-7795-42e8-b007-afcd7d8511c8/5788a432-23e9-4bd5-91b8-fc95c1c1993b.dcm,1.2.276.0.7230010.3.1.4.1070885483.25044.1599221924.877,1.2.276.0.7230010.3.1.3.1070885483.25044.1599221924.876,1.3.6.1.4.1.14519.5.2.1.7310.5101.130276529947551959315610671395,ProstateX-0323,prostatex,SEG,1.3.6.1.4.1.14519.5.2.1.7310.5101.260386623049829078909727548239
gs://public-datasets-idc/22e55060-3f55-4098-b3a5-d283a3df0e7c/b899c61f-235e-4c09-b933-2da22bc0e694.dcm,1.2.276.0.7230010.3.1.4.1070885483.27528.1599221841.605,1.2.276.0.7230010.3.1.3.1070885483.27528.1599221841.604,1.3.6.1.4.1.14519.5.2.1.7311.5101.250216137788537950794971213926,ProstateX-0141,prostatex,SEG,1.3.6.1.4.1.14519.5.2.1.7311.5101.252185783543855817242399041825
gs://public-datasets-idc/8911d9dd-846d-4981-8fb1-e23c00bbb187/72e47a37-041d-45fd-a62f-62f530b55951.dcm,1.2.276.0.7230010.3.1.4.1070885483.16016.1599221851.991,1.2.276.0.7230010.3.1.3.1070885483.16016.1599221851.990,1.3.6.1.4.1.14519.5.2.1.7311.5101.643134532030959524345209082219,ProstateX-0156,prostatex,SEG,1.3.6.1.4.1.14519.5.2.1.7311.5101.785303327607349403635620326985
gs://public-datasets-idc/70ea185c-c48e-4771-98f2-269e3d28ac27/7b01451f-c6db-441a-9e49-d0d6b1bf8412.dcm,1.2.276.0.7230010.3.1.4.1070885483.3400.1599221844.205,1.2.276.0.7230010.3.1.3.1070885483.3400.1599221844.204,1.3.6.1.4.1.14519.5.2.1.7311.5101.996427223934342627726053270358,ProstateX-0142,prostatex,SEG,1.3.6.1.4.1.14519.5.2.1.7311.5101.236967836312224538274213979128
gs://public-datasets-idc/5bbc6c39-e756-4287-af0d-2598fe62f406/09e08d25-074b-4233-b520-0ba6f650a62e.dcm,1.2.276.0.7230010.3.1.4.1070885483.23772.1599221809.996,1.2.276.0.7230010.3.1.3.1070885483.23772.1599221809.995,1.3.6.1.4.1.14519.5.2.1.7311.5101.329382181122288472593181880288,ProstateX-0102,prostatex,SEG,1.3.6.1.4.1.14519.5.2.1.7311.5101.248203933751895346486742820088
gs://public-datasets-idc/346021e2-e417-42ac-8389-8502365e8734/f5a049ff-72af-41c5-ad6d-4099bcb4a421.dcm,1.2.276.0.7230010.3.1.4.1070885483.8088.1599221854.810,1.2.276.0.7230010.3.1.3.1070885483.8088.1599221854.809,1.3.6.1.4.1.14519.5.2.1.7311.5101.195251337938849997498531125904,ProstateX-0161,prostatex,SEG,1.3.6.1.4.1.14519.5.2.1.7311.5101.196511587017551386049158542619
gs://public-datasets-idc/c09f2793-c3cb-460a-9494-df06a4effdf8/fc6f06b4-505b-43f0-8223-cd3073965049.dcm,1.2.276.0.7230010.3.1.4.1070885483.23788.1599221829.821,1.2.276.0.7230010.3.1.3.1070885483.23788.1599221829.820,1.3.6.1.4.1.14519.5.2.1.7311.5101.226886102487657615499132674054,ProstateX-0129,prostatex,SEG,1.3.6.1.4.1.14519.5.2.1.7311.5101.245315537897059083725251245833
gs://public-datasets-idc/ce1ffac7-0c34-4a5e-8313-0a39af1a7e73/a848f51a-82a7-41d9-b56d-b3d0e4502eff.dcm,1.2.276.0.7230010.3.1.4.1070885483.24608.1599221781.106,1.2.276.0.7230010.3.1.3.1070885483.24608.1599221781.105,1.3.6.1.4.1.14519.5.2.1.7311.5101.320379732448304997639520720109,ProstateX-0066,prostatex,SEG,1.3.6.1.4.1.14519.5.2.1.7311.5101.252385246988168654915352850239
gs://public-datasets-idc/b49406fb-1dc6-4cee-9b84-5979e5c26f2e/6e3beffc-25e3-4a8e-b2be-b667cb40d9ce.dcm,1.2.276.0.7230010.3.1.4.1070885483.25220.1599221863.969,1.2.276.0.7230010.3.1.3.1070885483.25220.1599221863.968,1.3.6.1.4.1.14519.5.2.1.7311.5101.240004187367489799345297182519,ProstateX-0176,prostatex,SEG,1.3.6.1.4.1.14519.5.2.1.7311.5101.666342438883185464672112795625
gs://public-datasets-idc/89a3116a-f400-4237-be86-c5df66bfc3d6/89840c29-71c5-4acf-b344-080d1a59dc71.dcm,1.2.276.0.7230010.3.1.4.1070885483.8668.1599221919.431,1.2.276.0.7230010.3.1.3.1070885483.8668.1599221919.430,1.3.6.1.4.1.14519.5.2.1.7310.5101.112114310413051271544734173562,ProstateX-0309,prostatex,SEG,1.3.6.1.4.1.14519.5.2.1.7310.5101.337896560664468718350275750005
gs://public-datasets-idc/4f470a6b-df24-4c82-9e97-c9c1af530ea2/ec70f184-fafe-4039-afb0-5d28677832cb.dcm,1.2.276.0.7230010.3.1.4.1070885483.24056.1599221815.834,1.2.276.0.7230010.3.1.3.1070885483.24056.1599221815.833,1.3.6.1.4.1.14519.5.2.1.7311.5101.290860841179379329915822924145,ProstateX-0112,prostatex,SEG,1.3.6.1.4.1.14519.5.2.1.7311.5101.322192860849906453257530108507
gs://public-datasets-idc/3598f40b-6003-4739-b0b3-fcc3e724a026/ccb148c4-7197-4aee-863d-00e328eb6ebe.dcm,1.2.276.0.7230010.3.1.4.1070885483.15904.1599221892.238,1.2.276.0.7230010.3.1.3.1070885483.15904.1599221892.237,1.3.6.1.4.1.14519.5.2.1.7310.5101.239746591836843122771107560214,ProstateX-0217,prostatex,SEG,1.3.6.1.4.1.14519.5.2.1.7310.5101.233894782007809884236855995183
gs://public-datasets-idc/c820e36b-5507-48e6-bd02-c0553989d420/4ddc4b52-a298-4ef4-ad3d-e35132b24276.dcm,1.2.276.0.7230010.3.1.4.1070885483.22380.1599221887.328,1.2.276.0.7230010.3.1.3.1070885483.22380.1599221887.327,1.3.6.1.4.1.14519.5.2.1.7311.5101.993112472041095149205566228071,ProstateX-0201,prostatex,SEG,1.3.6.1.4.1.14519.5.2.1.7311.5101.257928599770116866513356683535
gs://public-datasets-idc/cdd52b70-7871-45c9-a33b-7bb4f824b6c7/921c05d0-2503-4df0-ad83-6e49c43e329a.dcm,1.2.276.0.7230010.3.1.4.1070885483.22584.1599221783.668,1.2.276.0.7230010.3.1.3.1070885483.22584.1599221783.667,1.3.6.1.4.1.14519.5.2.1.7311.5101.176134504573395774665794843338,ProstateX-0069,prostatex,SEG,1.3.6.1.4.1.14519.5.2.1.7311.5101.266720221212035669954581062639
gs://public-datasets-idc/9730fee7-02c8-4215-9dc9-7f65f6ba6ba9/7957fc28-71e0-4ab8-9e25-97fe5a6be40a.dcm,1.2.276.0.7230010.3.1.4.1070885483.26444.1599221837.991,1.2.276.0.7230010.3.1.3.1070885483.26444.1599221837.990,1.3.6.1.4.1.14519.5.2.1.7311.5101.287508371575459903722364793815,ProstateX-0136,prostatex,SEG,1.3.6.1.4.1.14519.5.2.1.7311.5101.258067469374761412596368241889
gs://public-datasets-idc/b8539ce3-6dc5-4efa-8107-25679d776533/55253353-c846-406d-8c7d-c8034ed93561.dcm,1.2.276.0.7230010.3.1.4.1070885483.22052.1599221835.361,1.2.276.0.7230010.3.1.3.1070885483.22052.1599221835.360,1.3.6.1.4.1.14519.5.2.1.7311.5101.583448926031871758288169667449,ProstateX-0134,prostatex,SEG,1.3.6.1.4.1.14519.5.2.1.7311.5101.149728379277305470281540696443
gs://public-datasets-idc/6cbdfc59-e44d-4e17-b274-68aa532693b6/b4b310b9-c038-47d0-967c-0f1c77be2970.dcm,1.2.276.0.7230010.3.1.4.1070885483.16240.1599221761.963,1.2.276.0.7230010.3.1.3.1070885483.16240.1599221761.962,1.3.6.1.4.1.14519.5.2.1.7311.5101.971825459860335031281762787015,ProstateX-0015,prostatex,SEG,1.3.6.1.4.1.14519.5.2.1.7311.5101.287403883614425048490255475041
gs://public-datasets-idc/542aa653-8fb8-429f-97ac-c06aec102080/73a8b8af-3331-4a85-88d3-620bd962ed47.dcm,1.2.276.0.7230010.3.1.4.1070885483.5008.1599221756.492,1.2.276.0.7230010.3.1.3.1070885483.5008.1599221756.491,1.3.6.1.4.1.14519.5.2.1.7311.5101.194134898179466672796385912287,ProstateX-0007,prostatex,SEG,1.3.6.1.4.1.14519.5.2.1.7311.5101.282008038881694967871335639325
gs://public-datasets-idc/ea52c477-6937-4ccc-9d49-5f521d46caac/980d78c7-e72b-44d8-9aa5-908fbcbfcbfe.dcm,1.2.276.0.7230010.3.1.4.1070885483.25100.1599221930.644,1.2.276.0.7230010.3.1.3.1070885483.25100.1599221930.643,1.3.6.1.4.1.14519.5.2.1.7310.5101.231953801479646347968723220284,ProstateX-0340,prostatex,SEG,1.3.6.1.4.1.14519.5.2.1.7310.5101.127076787998581344993055912043
gs://public-datasets-idc/9de1e826-a69b-423c-a381-216c57ff1a00/f2b0cd8e-563d-41af-ab00-62e8a79c5b32.dcm,1.2.276.0.7230010.3.1.4.1070885483.14224.1599221879.642,1.2.276.0.7230010.3.1.3.1070885483.14224.1599221879.641,1.3.6.1.4.1.14519.5.2.1.7311.5101.151872174864316565586632394505,ProstateX-0193,prostatex,SEG,1.3.6.1.4.1.14519.5.2.1.7311.5101.289711251504454079274667690291
gs://public-datasets-idc/6552dfae-dc17-4bef-865f-874575e69ada/77b9731d-b7e3-4ff0-8c88-21927c38db36.dcm,1.2.276.0.7230010.3.1.4.1070885483.24736.1599221778.323,1.2.276.0.7230010.3.1.3.1070885483.24736.1599221778.322,1.3.6.1.4.1.14519.5.2.1.7311.5101.175647078412516700097791167921,ProstateX-0065,prostatex,SEG,1.3.6.1.4.1.14519.5.2.1.7311.5101.146422450520894659910416624671
gs://public-datasets-idc/f4fa0155-31ed-4b7c-8d4c-daf67565fb3b/9a9a9fec-6afb-43a7-a301-90b0df557353.dcm,1.2.276.0.7230010.3.1.4.1070885483.1780.1599221905.867,1.2.276.0.7230010.3.1.3.1070885483.1780.1599221905.866,1.3.6.1.4.1.14519.5.2.1.7310.5101.451066356163892140858559737591,ProstateX-0249,prostatex,SEG,1.3.6.1.4.1.14519.5.2.1.7310.5101.234424615181029312892423746307
gs://public-datasets-idc/9e7d9f81-c3c3-472f-af84-d2f0ea083adc/a49058a1-0876-4fa0-8bd1-0374cf6da823.dcm,1.2.276.0.7230010.3.1.4.1070885483.5584.1599221824.61,1.2.276.0.7230010.3.1.3.1070885483.5584.1599221824.60,1.3.6.1.4.1.14519.5.2.1.7311.5101.327919897154312983062805093764,ProstateX-0121,prostatex,SEG,1.3.6.1.4.1.14519.5.2.1.7311.5101.180650601474055581355948988643
gs://public-datasets-idc/46f60ba3-4218-46f7-960e-067fdeafb437/5353e7b5-0bea-4895-a038-c29cadbc1af7.dcm,1.2.276.0.7230010.3.1.4.1070885483.23100.1599221818.606,1.2.276.0.7230010.3.1.3.1070885483.23100.1599221818.605,1.3.6.1.4.1.14519.5.2.1.7311.5101.226085063161023509908834292835,ProstateX-0117,prostatex,SEG,1.3.6.1.4.1.14519.5.2.1.7311.5101.101130890931274399577478152963
gs://public-datasets-idc/639c32e8-8032-46ac-a338-8e25fba96585/aff04163-bd26-402d-8d51-f3d24499424e.dcm,1.2.276.0.7230010.3.1.4.1070885483.6284.1599221908.468,1.2.276.0.7230010.3.1.3.1070885483.6284.1599221908.467,1.3.6.1.4.1.14519.5.2.1.7310.5101.668048847394759718704018689548,ProstateX-0254,prostatex,SEG,1.3.6.1.4.1.14519.5.2.1.7310.5101.107276353018221365492863559094
gs://public-datasets-idc/45e8cf3b-d914-4e55-9278-ff70207651cd/e6541dd9-3831-4523-94fa-da68f2ca13e5.dcm,1.2.276.0.7230010.3.1.4.1070885483.17604.1599221827.77,1.2.276.0.7230010.3.1.3.1070885483.17604.1599221827.76,1.3.6.1.4.1.14519.5.2.1.7311.5101.219398426564396230484092962494,ProstateX-0125,prostatex,SEG,1.3.6.1.4.1.14519.5.2.1.7311.5101.242424835264181527414562151046
gs://public-datasets-idc/1d68155f-0bea-4426-998c-b1a6eb0b06c6/7f1d5535-1df3-477a-8202-d896b03a9852.dcm,1.2.276.0.7230010.3.1.4.1070885483.9460.1599221773.51,1.2.276.0.7230010.3.1.3.1070885483.9460.1599221773.50,1.3.6.1.4.1.14519.5.2.1.7311.5101.110480872566186109520466322443,ProstateX-0054,prostatex,SEG,1.3.6.1.4.1.14519.5.2.1.7311.5101.472900684997509231929411950536
gs://public-datasets-idc/bb2ea1e9-93ae-4e58-8273-bef16ceb744d/70dbf8c9-f1c8-46b0-8018-9db2e22d744e.dcm,1.2.276.0.7230010.3.1.4.1070885483.24632.1599221916.652,1.2.276.0.7230010.3.1.3.1070885483.24632.1599221916.651,1.3.6.1.4.1.14519.5.2.1.7310.5101.132095852879986524815648892842,ProstateX-0297,prostatex,SEG,1.3.6.1.4.1.14519.5.2.1.7310.5101.898676446450078900613536879876
gs://public-datasets-idc/7404793a-4f95-4eec-9ce3-811163ee37f6/3b41bf05-3459-407f-8d98-7afb0ff2559a.dcm,1.2.276.0.7230010.3.1.4.1070885483.7992.1599221866.576,1.2.276.0.7230010.3.1.3.1070885483.7992.1599221866.575,1.3.6.1.4.1.14519.5.2.1.7311.5101.120859949377633868184888734776,ProstateX-0177,prostatex,SEG,1.3.6.1.4.1.14519.5.2.1.7311.5101.318660391556220519803669869815
gs://public-datasets-idc/9b93c583-b085-4116-bb02-32e00ccee94d/2c6623ed-7f26-4c5f-8410-385a5bbb7e08.dcm,1.2.276.0.7230010.3.1.4.1070885483.27624.1599221764.668,1.2.276.0.7230010.3.1.3.1070885483.27624.1599221764.667,1.3.6.1.4.1.14519.5.2.1.7311.5101.156677198268194325340888536186,ProstateX-0020,prostatex,SEG,1.3.6.1.4.1.14519.5.2.1.7311.5101.109832262779867794170417053903
gs://public-datasets-idc/9819eaac-89f3-4f48-b42d-12cd4e9db733/ab4ee923-6ebf-45f8-92fa-f53ce2aae080.dcm,1.2.276.0.7230010.3.1.4.1070885483.25552.1599221897.695,1.2.276.0.7230010.3.1.3.1070885483.25552.1599221897.694,1.3.6.1.4.1.14519.5.2.1.7310.5101.808270842417648205221295442351,ProstateX-0234,prostatex,SEG,1.3.6.1.4.1.14519.5.2.1.7310.5101.568951414433420775694157731047
gs://public-datasets-idc/cb6acbce-52bf-4528-809f-0a54149b46c1/0968b497-f788-463e-b466-5424f7bbf036.dcm,1.2.276.0.7230010.3.1.4.1070885483.15416.1599221846.854,1.2.276.0.7230010.3.1.3.1070885483.15416.1599221846.853,1.3.6.1.4.1.14519.5.2.1.7311.5101.337681230536828067053675487069,ProstateX-0144,prostatex,SEG,1.3.6.1.4.1.14519.5.2.1.7311.5101.813054628707353396925223754592
gs://public-datasets-idc/31998694-3511-477f-9b5a-eab7291c2cdf/3b7f12d9-e118-4385-8c28-eff74b259f99.dcm,1.2.276.0.7230010.3.1.4.1070885483.23924.1599221812.621,1.2.276.0.7230010.3.1.3.1070885483.23924.1599221812.620,1.3.6.1.4.1.14519.5.2.1.7311.5101.317493743241635588052582723179,ProstateX-0111,prostatex,SEG,1.3.6.1.4.1.14519.5.2.1.7311.5101.312442050391027773578890036831
gs://public-datasets-idc/b3ca487e-36c4-4075-891d-53d67bd633ce/ee5edbf0-8cb9-4108-b93d-ed72dbc80cc6.dcm,1.2.276.0.7230010.3.1.4.1070885483.22008.1599221849.373,1.2.276.0.7230010.3.1.3.1070885483.22008.1599221849.372,1.3.6.1.4.1.14519.5.2.1.7311.5101.304087929027964850080081608825,ProstateX-0150,prostatex,SEG,1.3.6.1.4.1.14519.5.2.1.7311.5101.175570448971296597162147241386
gs://public-datasets-idc/b76a63b5-2e86-4467-b299-2aaf4aff3dcf/73c4674a-cff3-4906-ac0b-98f08ea2f40c.dcm,1.2.276.0.7230010.3.1.4.1070885483.5808.1599221885.266,1.2.276.0.7230010.3.1.3.1070885483.5808.1599221885.265,1.3.6.1.4.1.14519.5.2.1.7311.5101.320553155486072431330111275480,ProstateX-0198,prostatex,SEG,1.3.6.1.4.1.14519.5.2.1.7311.5101.333332554059735467244825907777
gs://public-datasets-idc/20893f05-2430-4bfd-ae1d-240381391498/2f7a8b03-9cdc-4e53-ae98-4e49c475f4b6.dcm,1.2.276.0.7230010.3.1.4.1070885483.26120.1599221759.303,1.2.276.0.7230010.3.1.3.1070885483.26120.1599221759.302,1.3.6.1.4.1.14519.5.2.1.7311.5101.249903838858586646429047197608,ProstateX-0009,prostatex,SEG,1.3.6.1.4.1.14519.5.2.1.7311.5101.180041601751316950966041961765
gs://public-datasets-idc/a8b32027-499c-446a-8914-6201c16fc5f4/0c3d1e85-04ac-4b26-b8b4-17b2133faf46.dcm,1.2.276.0.7230010.3.1.4.1070885483.25300.1599221882.470,1.2.276.0.7230010.3.1.3.1070885483.25300.1599221882.469,1.3.6.1.4.1.14519.5.2.1.7311.5101.112296414025337613224748777327,ProstateX-0196,prostatex,SEG,1.3.6.1.4.1.14519.5.2.1.7311.5101.928012760939767746081753156593
gs://public-datasets-idc/ee92012f-dc5f-417b-a604-0475aa094b73/da0ce7fe-9443-4f8a-8629-4ccbd25a8f7f.dcm,1.2.276.0.7230010.3.1.4.1070885483.27140.1599221767.246,1.2.276.0.7230010.3.1.3.1070885483.27140.1599221767.245,1.3.6.1.4.1.14519.5.2.1.7311.5101.316302757120840825688456720609,ProstateX-0026,prostatex,SEG,1.3.6.1.4.1.14519.5.2.1.7311.5101.101130934168942593154270621032
gs://public-datasets-idc/5c066756-d9b9-48c5-86e6-dd43c19602d4/34183b4e-b449-441d-bcfd-39f6d5e7b26e.dcm,1.2.276.0.7230010.3.1.4.1070885483.21116.1599221807.125,1.2.276.0.7230010.3.1.3.1070885483.21116.1599221807.124,1.3.6.1.4.1.14519.5.2.1.7311.5101.190842499692349671505896454793,ProstateX-0096,prostatex,SEG,1.3.6.1.4.1.14519.5.2.1.7311.5101.105766764724449379107432362750
gs://public-datasets-idc/e0a5b83e-8dcc-443c-96b9-e3c32f81b048/d2f4f0d0-4bbf-495f-8f54-05eaa3c80268.dcm,1.2.276.0.7230010.3.1.4.1070885483.21792.1599221788.892,1.2.276.0.7230010.3.1.3.1070885483.21792.1599221788.891,1.3.6.1.4.1.14519.5.2.1.7311.5101.152736198721850403904419865282,ProstateX-0072,prostatex,SEG,1.3.6.1.4.1.14519.5.2.1.7311.5101.126808882287123482193592987944
gs://public-datasets-idc/8d1cb56e-6062-441f-aa75-0d6cfca444eb/0ed1b048-474b-4690-8781-8fa0af437aa6.dcm,1.2.276.0.7230010.3.1.4.1070885483.24236.1599221913.874,1.2.276.0.7230010.3.1.3.1070885483.24236.1599221913.873,1.3.6.1.4.1.14519.5.2.1.7310.5101.114672106072689254589759986102,ProstateX-0275,prostatex,SEG,1.3.6.1.4.1.14519.5.2.1.7310.5101.128915395083536972793214199559
gs://public-datasets-idc/4fb6b7e9-5ceb-462b-a9dc-128c4d60d6a0/ed9d313e-4d1c-4168-a143-f06ed8228b7f.dcm,1.2.276.0.7230010.3.1.4.1070885483.26756.1599221804.456,1.2.276.0.7230010.3.1.3.1070885483.26756.1599221804.455,1.3.6.1.4.1.14519.5.2.1.7311.5101.670658167360918192304410446132,ProstateX-0094,prostatex,SEG,1.3.6.1.4.1.14519.5.2.1.7311.5101.178750617003896154912438088527
gs://public-datasets-idc/01cf7fed-f38e-42ad-a19c-10187adb719b/0559803e-3527-4567-9b9d-185e593585b6.dcm,1.2.276.0.7230010.3.1.4.1070885483.24532.1599221775.721,1.2.276.0.7230010.3.1.3.1070885483.24532.1599221775.720,1.3.6.1.4.1.14519.5.2.1.7311.5101.104145626026910458049547268459,ProstateX-0056,prostatex,SEG,1.3.6.1.4.1.14519.5.2.1.7311.5101.905763996607212880296069425861
gs://public-datasets-idc/77b2f164-2055-4ac4-8bfd-0c01baf88880/c85fb5b0-9071-4f55-b7a7-06ef171cf56f.dcm,1.2.276.0.7230010.3.1.4.1070885483.24644.1599221922.114,1.2.276.0.7230010.3.1.3.1070885483.24644.1599221922.113,1.3.6.1.4.1.14519.5.2.1.7310.5101.102152602295240907688412086832,ProstateX-0311,prostatex,SEG,1.3.6.1.4.1.14519.5.2.1.7310.5101.318856235542799349557600990165
gs://public-datasets-idc/677ccf5f-710a-4d2b-bb01-0ea30e937567/129acc2b-419b-4e75-bcb0-b7790c9c5cd9.dcm,1.2.276.0.7230010.3.1.4.1070885483.8220.1599221770.51,1.2.276.0.7230010.3.1.3.1070885483.8220.1599221770.50,1.3.6.1.4.1.14519.5.2.1.7311.5101.158550708873109712754389110345,ProstateX-0046,prostatex,SEG,1.3.6.1.4.1.14519.5.2.1.7311.5101.166265209513832781969059787909
gs://public-datasets-idc/561c3465-f88b-43f3-9e61-5ae75d8b9a33/29ceec99-6ebd-44a9-a37d-e4e6e518d3f7.dcm,1.2.276.0.7230010.3.1.4.1070885483.26076.1599221832.602,1.2.276.0.7230010.3.1.3.1070885483.26076.1599221832.601,1.3.6.1.4.1.14519.5.2.1.7311.5101.304488716254771605404192431403,ProstateX-0130,prostatex,SEG,1.3.6.1.4.1.14519.5.2.1.7311.5101.119868581724901379856626647643
gs://public-datasets-idc/bcfdd191-0f26-458c-966f-a5a7ca3f791c/ed7c82d0-a32d-4bf8-9784-50904cd8052f.dcm,1.2.276.0.7230010.3.1.4.1070885483.24432.1599221753.550,1.2.276.0.7230010.3.1.3.1070885483.24432.1599221753.549,1.3.6.1.4.1.14519.5.2.1.7311.5101.170561193612723093192571245493,ProstateX-0004,prostatex,SEG,1.3.6.1.4.1.14519.5.2.1.7311.5101.206828891270520544417996275680
gs://public-datasets-idc/57ee5f9b-6c58-4925-9bf7-3535c532e868/04a1ac65-55b8-453d-a4ed-281af8c4e43b.dcm,1.2.276.0.7230010.3.1.4.1070885483.26880.1599221801.879,1.2.276.0.7230010.3.1.3.1070885483.26880.1599221801.878,1.3.6.1.4.1.14519.5.2.1.7311.5101.288989437471167339179420862837,ProstateX-0090,prostatex,SEG,1.3.6.1.4.1.14519.5.2.1.7311.5101.271991298059338527584681788043
gs://public-datasets-idc/88a66ad6-8502-4203-ba07-7d67f68762e0/1c3d0f34-2d2b-47bd-878d-0e3b16fdded6.dcm,1.2.276.0.7230010.3.1.4.1070885483.24928.1599221874.343,1.2.276.0.7230010.3.1.3.1070885483.24928.1599221874.342,1.3.6.1.4.1.14519.5.2.1.7311.5101.334472970012885968541585915016,ProstateX-0184,prostatex,SEG,1.3.6.1.4.1.14519.5.2.1.7311.5101.304058605325520782900293953679
gs://public-datasets-idc/3c9f540a-834b-4fb7-80fe-85e72c276c4f/a92319d3-6b02-4e0a-a3ba-027b7ce8ddce.dcm,1.2.276.0.7230010.3.1.4.1070885483.16948.1599221799.295,1.2.276.0.7230010.3.1.3.1070885483.16948.1599221799.294,1.3.6.1.4.1.14519.5.2.1.7311.5101.855984176499492834333906411052,ProstateX-0089,prostatex,SEG,1.3.6.1.4.1.14519.5.2.1.7311.5101.160225377533762960695041069832
gs://public-datasets-idc/b06114a2-40ab-43ed-a116-50f84a770ae2/538918f2-56a5-4740-8ed9-2bf3aed7dbda.dcm,1.2.276.0.7230010.3.1.4.1070885483.26088.1599221900.381,1.2.276.0.7230010.3.1.3.1070885483.26088.1599221900.380,1.3.6.1.4.1.14519.5.2.1.7310.5101.224797266846328354814597018729,ProstateX-0241,prostatex,SEG,1.3.6.1.4.1.14519.5.2.1.7310.5101.182666056353308077379356745296
gs://public-datasets-idc/29301045-ec87-4b01-acb7-b699da6a5409/c331d69a-17d3-4233-b8f6-68f32b8878b5.dcm,1.2.276.0.7230010.3.1.4.1070885483.4648.1599221821.339,1.2.276.0.7230010.3.1.3.1070885483.4648.1599221821.338,1.3.6.1.4.1.14519.5.2.1.7311.5101.331435747186251352331503271459,ProstateX-0118,prostatex,SEG,1.3.6.1.4.1.14519.5.2.1.7311.5101.156910737340231640626298466189
gs://public-datasets-idc/1edc42cb-9fa6-48a3-a0ff-46ceba200935/75d8ac26-bf40-4394-af4e-46ccd25e3ef6.dcm,1.2.276.0.7230010.3.1.4.1070885483.5296.1599221903.190,1.2.276.0.7230010.3.1.3.1070885483.5296.1599221903.189,1.3.6.1.4.1.14519.5.2.1.7310.5101.268930877940564940026245589629,ProstateX-0244,prostatex,SEG,1.3.6.1.4.1.14519.5.2.1.7310.5101.306748150836286513093400468929
gs://public-datasets-idc/6fb39b61-c581-45d5-9335-ed0f46c68e23/a84d4fc9-5495-4fde-a083-7b215630cb44.dcm,1.2.276.0.7230010.3.1.4.1070885483.17416.1599221911.142,1.2.276.0.7230010.3.1.3.1070885483.17416.1599221911.141,1.3.6.1.4.1.14519.5.2.1.7310.5101.265623948091201376336336587773,ProstateX-0265,prostatex,SEG,1.3.6.1.4.1.14519.5.2.1.7310.5101.259467270859277582122403078829
gs://public-datasets-idc/f0c91150-c6ff-42a7-99fe-08806c30affa/1c1a46f3-915f-4236-ac2e-7858a167a0e8.dcm,1.2.276.0.7230010.3.1.4.1070885483.23580.1599221890.68,1.2.276.0.7230010.3.1.3.1070885483.23580.1599221890.67,1.3.6.1.4.1.14519.5.2.1.7310.5101.306374195728548919249378452950,ProstateX-0209,prostatex,SEG,1.3.6.1.4.1.14519.5.2.1.7310.5101.217705819956691748023253683197
gs://public-datasets-idc/ce968ee5-cf80-45d7-a766-4514c2454110/c54d7436-3ccf-44b5-acd7-dbdef1064fe6.dcm,1.2.276.0.7230010.3.1.4.1070885483.5464.1599221860.889,1.2.276.0.7230010.3.1.3.1070885483.5464.1599221860.888,1.3.6.1.4.1.14519.5.2.1.7311.5101.327191722494314019432946705776,ProstateX-0170,prostatex,SEG,1.3.6.1.4.1.14519.5.2.1.7311.5101.357054868848226402548612686613
gs://public-datasets-idc/f2ca6dfb-74f2-40fa-b9c1-8134f30bc800/b4cc2493-fc47-44ae-a873-71775bd9466f.dcm,1.2.276.0.7230010.3.1.4.1070885483.24588.1599221871.776,1.2.276.0.7230010.3.1.3.1070885483.24588.1599221871.775,1.3.6.1.4.1.14519.5.2.1.7311.5101.216533406155809805754741918429,ProstateX-0183,prostatex,SEG,1.3.6.1.4.1.14519.5.2.1.7311.5101.262719318163046156031519223454
